{"text": " \u0939\u092e \u0938\u0947 \u0938\u0902\u092a\u0930\u094d\u0915 \u0915\u0930\u0928\u0947 \u0915\u0947 \u0932\u093f\u090f \u0927\u0923\u094d\u092f\u0935\u093e\u0926\u0964 \u092b\u093f\u0932 \u0939\u093e\u0932 \u0938\u092d\u0940 \u0932\u093e\u0907\u0928\u0947 \u0935\u094d\u092f\u0938\u094d\u0924 \u0939\u0948\u0902\u0964 \u0906\u092a\u0915\u0940 \u0915\u094c\u0932 \u0939\u092e\u093e\u0930\u0947 \u0932\u093f\u090f \u092c\u0939\u0941\u0924 \u092e\u0939\u0924\u094d\u0935\u092a\u0942\u0928 \u0939\u0948\u0964", "segments": [{"id": 0, "seek": 0, "start": 0.0, "end": 2.48, "text": " \u0939\u092e \u0938\u0947 \u0938\u0902\u092a\u0930\u094d\u0915 \u0915\u0930\u0928\u0947 \u0915\u0947 \u0932\u093f\u090f \u0927\u0923\u094d\u092f\u0935\u093e\u0926\u0964", "tokens": [50364, 37139, 48521, 49316, 21981, 49316, 31945, 3941, 103, 25411, 27099, 41858, 31970, 25411, 35082, 21981, 31970, 21981, 8485, 110, 33279, 3941, 237, 8485, 100, 3941, 96, 27099, 48268, 3941, 113, 17937, 3941, 99, 8703, 97, 50488], "temperature": 0.0, "avg_logprob": -0.2251698147934095, "compression_ratio": 1.8450704225352113, "no_speech_prob": 0.11374391615390778}, {"id": 1, "seek": 0, "start": 2.48, "end": 4.8, "text": " \u092b\u093f\u0932 \u0939\u093e\u0932 \u0938\u092d\u0940 \u0932\u093e\u0907\u0928\u0947 \u0935\u094d\u092f\u0938\u094d\u0924 \u0939\u0948\u0902\u0964", "tokens": [50488, 8485, 104, 33279, 46758, 37139, 17937, 46758, 49316, 3941, 255, 31881, 8485, 110, 17937, 3941, 229, 35082, 21981, 8485, 113, 27099, 48268, 45938, 27099, 36158, 37139, 43372, 31945, 8703, 97, 50604], "temperature": 0.0, "avg_logprob": -0.2251698147934095, "compression_ratio": 1.8450704225352113, "no_speech_prob": 0.11374391615390778}, {"id": 2, "seek": 0, "start": 4.8, "end": 7.76, "text": " \u0906\u092a\u0915\u0940 \u0915\u094c\u0932 \u0939\u092e\u093e\u0930\u0947 \u0932\u093f\u090f \u092c\u0939\u0941\u0924 \u092e\u0939\u0924\u094d\u0935\u092a\u0942\u0928 \u0939\u0948\u0964", "tokens": [50604, 8485, 228, 3941, 103, 41858, 31881, 31970, 8703, 234, 46758, 37139, 48521, 17937, 25411, 21981, 8485, 110, 33279, 3941, 237, 8485, 105, 44500, 8703, 223, 36158, 48449, 44500, 36158, 27099, 3941, 113, 3941, 103, 8703, 224, 35082, 37139, 43372, 8703, 97, 50752], "temperature": 0.0, "avg_logprob": -0.2251698147934095, "compression_ratio": 1.8450704225352113, "no_speech_prob": 0.11374391615390778}], "language": "hi"}