{"text": " \u0928\u092e\u0938\u094d\u0924\u0940, \u092e\u0947\u0930\u093e \u0928\u093e\u092e \u0915\u093e\u091c\u0932, \u092e\u0948\u0902 \u0906\u092a\u0915\u0947 \u0926\u0935\u093e\u0930\u093e \u092f\u0939\u093e \u0924\u093e\u0907\u092a \u0915\u0940 \u090f\u0915\u090f \u0915\u093f\u0938\u0940 \u092d\u0940 \u0935\u093e\u0916\u094d\u092f\u093e \u0915\u094b \u092a\u0930 \u0938\u0915\u0924\u0940 \u0939\u0942\u0901\u0964", "segments": [{"id": 0, "seek": 0, "start": 0.0, "end": 7.0, "text": " \u0928\u092e\u0938\u094d\u0924\u0940, \u092e\u0947\u0930\u093e \u0928\u093e\u092e \u0915\u093e\u091c\u0932, \u092e\u0948\u0902 \u0906\u092a\u0915\u0947 \u0926\u0935\u093e\u0930\u093e \u092f\u0939\u093e \u0924\u093e\u0907\u092a \u0915\u0940 \u090f\u0915\u090f \u0915\u093f\u0938\u0940 \u092d\u0940 \u0935\u093e\u0916\u094d\u092f\u093e \u0915\u094b \u092a\u0930 \u0938\u0915\u0924\u0940 \u0939\u0942\u0901\u0964", "tokens": [50364, 8485, 101, 48521, 45938, 27099, 36158, 31881, 11, 48449, 21981, 25411, 17937, 8485, 101, 17937, 48521, 31970, 17937, 3941, 250, 46758, 11, 48449, 43372, 31945, 8485, 228, 3941, 103, 41858, 21981, 8485, 99, 3941, 113, 17937, 25411, 17937, 8485, 107, 44500, 17937, 8485, 97, 17937, 3941, 229, 3941, 103, 31970, 31881, 8485, 237, 41858, 3941, 237, 31970, 33279, 45938, 31881, 8485, 255, 31881, 8485, 113, 17937, 3941, 244, 27099, 48268, 17937, 31970, 33926, 8485, 103, 25411, 49316, 41858, 36158, 31881, 37139, 8703, 224, 3941, 223, 8703, 97, 50714], "temperature": 0.0, "avg_logprob": -0.3536776436699761, "compression_ratio": 1.6090225563909775, "no_speech_prob": 0.005698569118976593}], "language": "hi"}