{"text": " Thank you for contacting us. All lines are currently busy. Your call is very important to us.", "segments": [{"id": 0, "seek": 0, "start": 0.0, "end": 2.72, "text": " Thank you for contacting us.", "tokens": [50364, 1044, 291, 337, 41482, 505, 13, 50500], "temperature": 0.0, "avg_logprob": -0.28257281691939745, "compression_ratio": 1.0813953488372092, "no_speech_prob": 0.0063252076506614685}, {"id": 1, "seek": 0, "start": 2.72, "end": 5.28, "text": " All lines are currently busy.", "tokens": [50500, 1057, 3876, 366, 4362, 5856, 13, 50628], "temperature": 0.0, "avg_logprob": -0.28257281691939745, "compression_ratio": 1.0813953488372092, "no_speech_prob": 0.0063252076506614685}, {"id": 2, "seek": 0, "start": 5.28, "end": 7.2, "text": " Your call is very important to us.", "tokens": [50628, 2260, 818, 307, 588, 1021, 281, 505, 13, 50724], "temperature": 0.0, "avg_logprob": -0.28257281691939745, "compression_ratio": 1.0813953488372092, "no_speech_prob": 0.0063252076506614685}], "language": "en"}